test-1	TRUE	FALSE
test-2	TRUE	FALSE
test-3	TRUE	FALSE
test-4	FALSE	TRUE
test-5	TRUE	FALSE
test-6	TRUE	FALSE
test-7	TRUE	FALSE
test-8	TRUE	FALSE
test-9	TRUE	FALSE
test-10	TRUE	FALSE
test-11	FALSE	TRUE
test-12	TRUE	FALSE
test-13	TRUE	FALSE
test-14	TRUE	FALSE
test-15	TRUE	FALSE
test-16	TRUE	FALSE
test-17	TRUE	FALSE
test-18	TRUE	FALSE
test-19	TRUE	FALSE
test-20	FALSE	TRUE
test-21	TRUE	FALSE
test-22	TRUE	FALSE
test-23	TRUE	FALSE
test-24	TRUE	FALSE
test-25	TRUE	FALSE
test-26	FALSE	TRUE
test-27	TRUE	FALSE
test-28	TRUE	FALSE
test-29	TRUE	FALSE
test-30	FALSE	TRUE
test-31	TRUE	FALSE
test-32	TRUE	FALSE
test-33	TRUE	FALSE
test-34	TRUE	FALSE
test-35	TRUE	FALSE
test-36	TRUE	FALSE
test-37	TRUE	FALSE
test-38	TRUE	FALSE
test-39	TRUE	FALSE
test-40	TRUE	FALSE
test-41	TRUE	FALSE
test-42	TRUE	FALSE
test-43	TRUE	FALSE
test-44	TRUE	FALSE
test-45	TRUE	FALSE
test-46	TRUE	FALSE
test-47	TRUE	FALSE
test-48	TRUE	FALSE
test-49	TRUE	FALSE
test-50	TRUE	FALSE
test-51	TRUE	FALSE
test-52	TRUE	FALSE
test-53	FALSE	TRUE
test-54	TRUE	FALSE
test-55	TRUE	FALSE
test-56	TRUE	FALSE
test-57	TRUE	FALSE
test-58	TRUE	FALSE
test-59	TRUE	FALSE
test-60	TRUE	FALSE
test-61	FALSE	TRUE
test-62	TRUE	FALSE
test-63	TRUE	FALSE
test-64	TRUE	FALSE
test-65	FALSE	TRUE
test-66	TRUE	FALSE
test-67	TRUE	FALSE
test-68	TRUE	FALSE
test-69	TRUE	FALSE
test-70	FALSE	TRUE
test-71	TRUE	FALSE
test-72	TRUE	FALSE
test-73	TRUE	FALSE
test-74	TRUE	FALSE
test-75	TRUE	FALSE
test-76	FALSE	TRUE
test-77	TRUE	FALSE
test-78	TRUE	FALSE
test-79	TRUE	FALSE
test-80	TRUE	FALSE
test-81	TRUE	FALSE
test-82	TRUE	FALSE
test-83	FALSE	TRUE
test-84	FALSE	TRUE
test-85	TRUE	FALSE
test-86	TRUE	FALSE
test-87	TRUE	FALSE
test-88	TRUE	FALSE
test-89	TRUE	FALSE
test-90	FALSE	TRUE
test-91	TRUE	FALSE
test-92	TRUE	FALSE
test-93	TRUE	FALSE
test-94	TRUE	FALSE
test-95	TRUE	FALSE
test-96	TRUE	FALSE
test-97	FALSE	TRUE
test-98	TRUE	FALSE
test-99	FALSE	TRUE
test-100	TRUE	FALSE
test-101	TRUE	FALSE
test-102	TRUE	FALSE
test-103	TRUE	FALSE
test-104	TRUE	FALSE
test-105	TRUE	FALSE
test-106	TRUE	FALSE
test-107	TRUE	FALSE
test-108	TRUE	FALSE
test-109	TRUE	FALSE
test-110	TRUE	FALSE
test-111	TRUE	FALSE
test-112	TRUE	FALSE
test-113	TRUE	FALSE
test-114	TRUE	FALSE
test-115	FALSE	TRUE
test-116	FALSE	TRUE
test-117	FALSE	TRUE
test-118	TRUE	FALSE
test-119	TRUE	FALSE
test-120	TRUE	FALSE
test-121	TRUE	FALSE
test-122	TRUE	FALSE
test-123	TRUE	FALSE
test-124	TRUE	FALSE
test-125	FALSE	TRUE
test-126	TRUE	FALSE
test-127	TRUE	FALSE
test-128	TRUE	FALSE
test-129	TRUE	FALSE
test-130	TRUE	FALSE
test-131	TRUE	FALSE
test-132	TRUE	FALSE
test-133	TRUE	FALSE
test-134	TRUE	FALSE
test-135	FALSE	TRUE
test-136	TRUE	FALSE
test-137	TRUE	FALSE
test-138	TRUE	FALSE
test-139	TRUE	FALSE
test-140	TRUE	FALSE
test-141	FALSE	TRUE
test-142	TRUE	FALSE
test-143	FALSE	TRUE
test-144	FALSE	TRUE
test-145	TRUE	FALSE
test-146	TRUE	FALSE
test-147	TRUE	FALSE
test-148	TRUE	FALSE
test-149	FALSE	TRUE
test-150	TRUE	FALSE
test-151	TRUE	FALSE
test-152	TRUE	FALSE
test-153	TRUE	FALSE
test-154	TRUE	FALSE
test-155	TRUE	FALSE
test-156	TRUE	FALSE
test-157	TRUE	FALSE
test-158	TRUE	FALSE
test-159	TRUE	FALSE
test-160	TRUE	FALSE
test-161	TRUE	FALSE
test-162	TRUE	FALSE
test-163	TRUE	FALSE
test-164	TRUE	FALSE
test-165	TRUE	FALSE
test-166	TRUE	FALSE
test-167	TRUE	FALSE
test-168	TRUE	FALSE
test-169	TRUE	FALSE
test-170	TRUE	FALSE
test-171	FALSE	TRUE
test-172	TRUE	FALSE
test-173	TRUE	FALSE
test-174	TRUE	FALSE
test-175	TRUE	FALSE
test-176	TRUE	FALSE
test-177	TRUE	FALSE
test-178	TRUE	FALSE
test-179	TRUE	FALSE
test-180	TRUE	FALSE
test-181	TRUE	FALSE
test-182	TRUE	FALSE
test-183	TRUE	FALSE
test-184	TRUE	FALSE
test-185	FALSE	TRUE
test-186	TRUE	FALSE
test-187	TRUE	FALSE
test-188	TRUE	FALSE
test-189	TRUE	FALSE
test-190	TRUE	FALSE
test-191	TRUE	FALSE
test-192	TRUE	FALSE
test-193	TRUE	FALSE
test-194	FALSE	TRUE
test-195	FALSE	TRUE
test-196	TRUE	FALSE
test-197	TRUE	FALSE
test-198	TRUE	FALSE
test-199	TRUE	FALSE
test-200	TRUE	FALSE
test-201	TRUE	FALSE
test-202	TRUE	FALSE
test-203	FALSE	TRUE
test-204	TRUE	FALSE
test-205	TRUE	FALSE
test-206	TRUE	FALSE
test-207	TRUE	FALSE
test-208	TRUE	FALSE
test-209	TRUE	FALSE
test-210	TRUE	FALSE
test-211	TRUE	FALSE
test-212	TRUE	FALSE
test-213	TRUE	FALSE
test-214	TRUE	FALSE
test-215	TRUE	FALSE
test-216	TRUE	FALSE
test-217	FALSE	TRUE
test-218	TRUE	FALSE
test-219	TRUE	FALSE
test-220	TRUE	FALSE
test-221	TRUE	FALSE
test-222	TRUE	FALSE
test-223	TRUE	FALSE
test-224	TRUE	FALSE
test-225	TRUE	FALSE
test-226	TRUE	FALSE
test-227	FALSE	TRUE
test-228	TRUE	FALSE
test-229	TRUE	FALSE
test-230	TRUE	FALSE
test-231	TRUE	FALSE
test-232	TRUE	FALSE
test-233	FALSE	TRUE
test-234	TRUE	FALSE
test-235	FALSE	TRUE
test-236	TRUE	FALSE
test-237	TRUE	FALSE
test-238	TRUE	FALSE
test-239	TRUE	FALSE
test-240	TRUE	FALSE
test-241	TRUE	FALSE
test-242	FALSE	TRUE
test-243	FALSE	TRUE
test-244	TRUE	FALSE
test-245	TRUE	FALSE
test-246	FALSE	TRUE
test-247	TRUE	FALSE
test-248	TRUE	FALSE
test-249	TRUE	FALSE
test-250	TRUE	FALSE
test-251	TRUE	FALSE
test-252	TRUE	FALSE
test-253	TRUE	FALSE
test-254	TRUE	FALSE
test-255	TRUE	FALSE
test-256	TRUE	FALSE
test-257	TRUE	FALSE
test-258	TRUE	FALSE
test-259	TRUE	FALSE
test-260	TRUE	FALSE
test-261	TRUE	FALSE
test-262	TRUE	FALSE
test-263	TRUE	FALSE
test-264	TRUE	FALSE
test-265	TRUE	FALSE
test-266	TRUE	FALSE
test-267	TRUE	FALSE
test-268	TRUE	FALSE
test-269	TRUE	FALSE
test-270	TRUE	FALSE
test-271	TRUE	FALSE
test-272	TRUE	FALSE
test-273	TRUE	FALSE
test-274	TRUE	FALSE
test-275	TRUE	FALSE
test-276	TRUE	FALSE
test-277	TRUE	FALSE
test-278	TRUE	FALSE
test-279	TRUE	FALSE
test-280	TRUE	FALSE
test-281	TRUE	FALSE
test-282	FALSE	TRUE
test-283	TRUE	FALSE
test-284	TRUE	FALSE
test-285	TRUE	FALSE
test-286	TRUE	FALSE
test-287	TRUE	FALSE
test-288	TRUE	FALSE
test-289	TRUE	FALSE
test-290	TRUE	FALSE
test-291	TRUE	FALSE
test-292	TRUE	FALSE
test-293	TRUE	FALSE
test-294	TRUE	FALSE
test-295	TRUE	FALSE
test-296	TRUE	FALSE
test-297	TRUE	FALSE
test-298	TRUE	FALSE
test-299	TRUE	FALSE
test-300	TRUE	FALSE
test-301	TRUE	FALSE
test-302	FALSE	TRUE
test-303	TRUE	FALSE
test-304	TRUE	FALSE
test-305	FALSE	TRUE
test-306	FALSE	TRUE
test-307	TRUE	FALSE
test-308	TRUE	FALSE
test-309	TRUE	FALSE
test-310	TRUE	FALSE
test-311	TRUE	FALSE
test-312	TRUE	FALSE
test-313	TRUE	FALSE
test-314	TRUE	FALSE
test-315	TRUE	FALSE
test-316	TRUE	FALSE
test-317	FALSE	TRUE
test-318	TRUE	FALSE
test-319	TRUE	FALSE
test-320	TRUE	FALSE
test-321	FALSE	TRUE
test-322	TRUE	FALSE
test-323	TRUE	FALSE
test-324	TRUE	FALSE
test-325	TRUE	FALSE
test-326	FALSE	TRUE
test-327	TRUE	FALSE
test-328	TRUE	FALSE
test-329	TRUE	FALSE
test-330	TRUE	FALSE
test-331	TRUE	FALSE
test-332	TRUE	FALSE
test-333	FALSE	TRUE
test-334	TRUE	FALSE
test-335	FALSE	TRUE
test-336	TRUE	FALSE
test-337	TRUE	FALSE
test-338	TRUE	FALSE
test-339	TRUE	FALSE
test-340	TRUE	FALSE
test-341	FALSE	TRUE
test-342	TRUE	FALSE
test-343	TRUE	FALSE
test-344	TRUE	FALSE
test-345	TRUE	FALSE
test-346	TRUE	FALSE
test-347	TRUE	FALSE
test-348	FALSE	TRUE
test-349	TRUE	FALSE
test-350	TRUE	FALSE
test-351	TRUE	FALSE
test-352	TRUE	FALSE
test-353	TRUE	FALSE
test-354	TRUE	FALSE
test-355	TRUE	FALSE
test-356	TRUE	FALSE
test-357	TRUE	FALSE
test-358	TRUE	FALSE
test-359	TRUE	FALSE
test-360	TRUE	FALSE
test-361	TRUE	FALSE
test-362	TRUE	FALSE
test-363	TRUE	FALSE
test-364	TRUE	FALSE
test-365	TRUE	FALSE
test-366	TRUE	FALSE
test-367	TRUE	FALSE
test-368	TRUE	FALSE
test-369	TRUE	FALSE
test-370	TRUE	FALSE
test-371	TRUE	FALSE
test-372	TRUE	FALSE
test-373	FALSE	TRUE
test-374	TRUE	FALSE
test-375	TRUE	FALSE
test-376	TRUE	FALSE
test-377	TRUE	FALSE
test-378	TRUE	FALSE
test-379	TRUE	FALSE
test-380	TRUE	FALSE
test-381	TRUE	FALSE
test-382	TRUE	FALSE
test-383	TRUE	FALSE
test-384	TRUE	FALSE
test-385	TRUE	FALSE
test-386	TRUE	FALSE
test-387	TRUE	FALSE
test-388	FALSE	TRUE
test-389	TRUE	FALSE
test-390	TRUE	FALSE
test-391	TRUE	FALSE
test-392	TRUE	FALSE
test-393	TRUE	FALSE
test-394	TRUE	FALSE
test-395	TRUE	FALSE
test-396	TRUE	FALSE
test-397	TRUE	FALSE
test-398	TRUE	FALSE
test-399	TRUE	FALSE
test-400	TRUE	FALSE
test-401	TRUE	FALSE
test-402	TRUE	FALSE
test-403	TRUE	FALSE
test-404	TRUE	FALSE
test-405	TRUE	FALSE
test-406	FALSE	TRUE
test-407	TRUE	FALSE
test-408	TRUE	FALSE
test-409	FALSE	TRUE
test-410	TRUE	FALSE
test-411	TRUE	FALSE
test-412	TRUE	FALSE
test-413	TRUE	FALSE
test-414	TRUE	FALSE
test-415	TRUE	FALSE
test-416	TRUE	FALSE
test-417	TRUE	FALSE
test-418	TRUE	FALSE
test-419	TRUE	FALSE
test-420	TRUE	FALSE
test-421	TRUE	FALSE
test-422	TRUE	FALSE
test-423	TRUE	FALSE
test-424	TRUE	FALSE
test-425	TRUE	FALSE
test-426	TRUE	FALSE
test-427	TRUE	FALSE
test-428	TRUE	FALSE
test-429	TRUE	FALSE
test-430	TRUE	FALSE
test-431	TRUE	FALSE
test-432	TRUE	FALSE
test-433	TRUE	FALSE
test-434	FALSE	TRUE
test-435	TRUE	FALSE
test-436	TRUE	FALSE
test-437	TRUE	FALSE
test-438	TRUE	FALSE
test-439	TRUE	FALSE
test-440	TRUE	FALSE
test-441	TRUE	FALSE
test-442	TRUE	FALSE
test-443	TRUE	FALSE
test-444	FALSE	TRUE
test-445	TRUE	FALSE
test-446	TRUE	FALSE
test-447	TRUE	FALSE
test-448	TRUE	FALSE
test-449	TRUE	FALSE
test-450	TRUE	FALSE
test-451	TRUE	FALSE
test-452	TRUE	FALSE
test-453	FALSE	TRUE
test-454	TRUE	FALSE
test-455	TRUE	FALSE
test-456	TRUE	FALSE
test-457	FALSE	TRUE
test-458	TRUE	FALSE
test-459	TRUE	FALSE
test-460	TRUE	FALSE
test-461	TRUE	FALSE
test-462	TRUE	FALSE
test-463	TRUE	FALSE
test-464	TRUE	FALSE
test-465	TRUE	FALSE
test-466	TRUE	FALSE
test-467	FALSE	TRUE
test-468	TRUE	FALSE
test-469	TRUE	FALSE
test-470	TRUE	FALSE
test-471	FALSE	TRUE
test-472	TRUE	FALSE
test-473	TRUE	FALSE
test-474	TRUE	FALSE
test-475	TRUE	FALSE
test-476	TRUE	FALSE
test-477	FALSE	TRUE
test-478	TRUE	FALSE
test-479	FALSE	TRUE
test-480	TRUE	FALSE
test-481	TRUE	FALSE
test-482	TRUE	FALSE
test-483	TRUE	FALSE
test-484	TRUE	FALSE
test-485	TRUE	FALSE
test-486	TRUE	FALSE
test-487	TRUE	FALSE
test-488	FALSE	TRUE
test-489	TRUE	FALSE
test-490	TRUE	FALSE
test-491	TRUE	FALSE
test-492	TRUE	FALSE
test-493	FALSE	TRUE
test-494	TRUE	FALSE
test-495	TRUE	FALSE
test-496	TRUE	FALSE
test-497	TRUE	FALSE
test-498	FALSE	TRUE
test-499	TRUE	FALSE
test-500	TRUE	FALSE
test-501	FALSE	TRUE
test-502	TRUE	FALSE
test-503	TRUE	FALSE
test-504	TRUE	FALSE
test-505	FALSE	TRUE
test-506	TRUE	FALSE
test-507	TRUE	FALSE
test-508	TRUE	FALSE
test-509	TRUE	FALSE
test-510	TRUE	FALSE
test-511	TRUE	FALSE
test-512	TRUE	FALSE
test-513	TRUE	FALSE
test-514	TRUE	FALSE
test-515	TRUE	FALSE
test-516	FALSE	TRUE
test-517	TRUE	FALSE
test-518	TRUE	FALSE
test-519	TRUE	FALSE
test-520	TRUE	FALSE
test-521	TRUE	FALSE
test-522	TRUE	FALSE
test-523	TRUE	FALSE
test-524	TRUE	FALSE
test-525	TRUE	FALSE
test-526	TRUE	FALSE
test-527	TRUE	FALSE
test-528	FALSE	TRUE
test-529	TRUE	FALSE
test-530	TRUE	FALSE
test-531	TRUE	FALSE
test-532	TRUE	FALSE
test-533	TRUE	FALSE
test-534	TRUE	FALSE
test-535	TRUE	FALSE
test-536	TRUE	FALSE
test-537	TRUE	FALSE
test-538	TRUE	FALSE
test-539	TRUE	FALSE
test-540	FALSE	TRUE
test-541	TRUE	FALSE
test-542	TRUE	FALSE
test-543	TRUE	FALSE
test-544	TRUE	FALSE
test-545	TRUE	FALSE
test-546	TRUE	FALSE
test-547	TRUE	FALSE
test-548	TRUE	FALSE
test-549	TRUE	FALSE
test-550	TRUE	FALSE
test-551	TRUE	FALSE
test-552	TRUE	FALSE
test-553	FALSE	TRUE
test-554	TRUE	FALSE
test-555	TRUE	FALSE
test-556	FALSE	TRUE
test-557	TRUE	FALSE
test-558	TRUE	FALSE
test-559	TRUE	FALSE
test-560	TRUE	FALSE
test-561	TRUE	FALSE
test-562	TRUE	FALSE
test-563	FALSE	TRUE
test-564	TRUE	FALSE
test-565	TRUE	FALSE
test-566	TRUE	FALSE
test-567	TRUE	FALSE
test-568	TRUE	FALSE
test-569	TRUE	FALSE
test-570	TRUE	FALSE
test-571	FALSE	TRUE
test-572	TRUE	FALSE
test-573	TRUE	FALSE
test-574	TRUE	FALSE
test-575	TRUE	FALSE
test-576	TRUE	FALSE
test-577	TRUE	FALSE
test-578	FALSE	TRUE
test-579	TRUE	FALSE
test-580	TRUE	FALSE
test-581	TRUE	FALSE
test-582	TRUE	FALSE
test-583	TRUE	FALSE
test-584	TRUE	FALSE
test-585	TRUE	FALSE
test-586	TRUE	FALSE
test-587	TRUE	FALSE
test-588	TRUE	FALSE
test-589	TRUE	FALSE
test-590	TRUE	FALSE
test-591	TRUE	FALSE
test-592	TRUE	FALSE
test-593	FALSE	TRUE
test-594	TRUE	FALSE
test-595	TRUE	FALSE
test-596	TRUE	FALSE
test-597	FALSE	TRUE
test-598	TRUE	FALSE
test-599	TRUE	FALSE
test-600	TRUE	FALSE
test-601	TRUE	FALSE
test-602	TRUE	FALSE
test-603	TRUE	FALSE
test-604	TRUE	FALSE
test-605	TRUE	FALSE
test-606	TRUE	FALSE
test-607	TRUE	FALSE
test-608	TRUE	FALSE
test-609	TRUE	FALSE
test-610	TRUE	FALSE
test-611	TRUE	FALSE
test-612	TRUE	FALSE
test-613	TRUE	FALSE
test-614	TRUE	FALSE
test-615	TRUE	FALSE
test-616	TRUE	FALSE
test-617	FALSE	TRUE
test-618	FALSE	TRUE
test-619	TRUE	FALSE
test-620	TRUE	FALSE
test-621	FALSE	TRUE
test-622	TRUE	FALSE
test-623	TRUE	FALSE
test-624	TRUE	FALSE
test-625	TRUE	FALSE
test-626	TRUE	FALSE
test-627	TRUE	FALSE
test-628	TRUE	FALSE
test-629	TRUE	FALSE
test-630	TRUE	FALSE
test-631	FALSE	TRUE
test-632	TRUE	FALSE
test-633	TRUE	FALSE
test-634	TRUE	FALSE
test-635	TRUE	FALSE
test-636	TRUE	FALSE
test-637	TRUE	FALSE
test-638	FALSE	TRUE
test-639	TRUE	FALSE
test-640	TRUE	FALSE
test-641	TRUE	FALSE
test-642	TRUE	FALSE
test-643	TRUE	FALSE
test-644	TRUE	FALSE
test-645	TRUE	FALSE
test-646	TRUE	FALSE
test-647	TRUE	FALSE
test-648	TRUE	FALSE
test-649	TRUE	FALSE
test-650	TRUE	FALSE
test-651	TRUE	FALSE
test-652	TRUE	FALSE
test-653	TRUE	FALSE
test-654	TRUE	FALSE
test-655	TRUE	FALSE
test-656	TRUE	FALSE
test-657	TRUE	FALSE
test-658	TRUE	FALSE
test-659	TRUE	FALSE
test-660	TRUE	FALSE
test-661	FALSE	TRUE
test-662	TRUE	FALSE
test-663	TRUE	FALSE
test-664	TRUE	FALSE
test-665	FALSE	TRUE
test-666	TRUE	FALSE
test-667	TRUE	FALSE
test-668	TRUE	FALSE
test-669	TRUE	FALSE
test-670	FALSE	TRUE
test-671	TRUE	FALSE
test-672	TRUE	FALSE
test-673	TRUE	FALSE
test-674	TRUE	FALSE
test-675	TRUE	FALSE
test-676	TRUE	FALSE
test-677	TRUE	FALSE
test-678	TRUE	FALSE
test-679	TRUE	FALSE
test-680	TRUE	FALSE
test-681	TRUE	FALSE
test-682	FALSE	TRUE
test-683	TRUE	FALSE
test-684	FALSE	TRUE
test-685	TRUE	FALSE
test-686	TRUE	FALSE
test-687	TRUE	FALSE
test-688	TRUE	FALSE
test-689	TRUE	FALSE
test-690	TRUE	FALSE
test-691	TRUE	FALSE
test-692	TRUE	FALSE
test-693	TRUE	FALSE
test-694	TRUE	FALSE
test-695	TRUE	FALSE
test-696	TRUE	FALSE
test-697	TRUE	FALSE
test-698	TRUE	FALSE
test-699	TRUE	FALSE
test-700	TRUE	FALSE
test-701	TRUE	FALSE
test-702	FALSE	TRUE
test-703	TRUE	FALSE
test-704	TRUE	FALSE
test-705	TRUE	FALSE
test-706	TRUE	FALSE
test-707	TRUE	FALSE
test-708	TRUE	FALSE
test-709	TRUE	FALSE
test-710	TRUE	FALSE
test-711	TRUE	FALSE
test-712	TRUE	FALSE
test-713	TRUE	FALSE
test-714	TRUE	FALSE
test-715	TRUE	FALSE
test-716	TRUE	FALSE
test-717	TRUE	FALSE
test-718	TRUE	FALSE
test-719	TRUE	FALSE
test-720	TRUE	FALSE
test-721	FALSE	TRUE
test-722	TRUE	FALSE
test-723	TRUE	FALSE
test-724	TRUE	FALSE
test-725	TRUE	FALSE
test-726	TRUE	FALSE
test-727	TRUE	FALSE
test-728	TRUE	FALSE
test-729	TRUE	FALSE
test-730	FALSE	TRUE
test-731	TRUE	FALSE
test-732	TRUE	FALSE
test-733	TRUE	FALSE
test-734	FALSE	TRUE
test-735	TRUE	FALSE
test-736	TRUE	FALSE
test-737	TRUE	FALSE
test-738	FALSE	TRUE
test-739	TRUE	FALSE
test-740	TRUE	FALSE
test-741	TRUE	FALSE
test-742	TRUE	FALSE
test-743	TRUE	FALSE
test-744	TRUE	FALSE
test-745	TRUE	FALSE
test-746	TRUE	FALSE
test-747	TRUE	FALSE
test-748	FALSE	TRUE
test-749	TRUE	FALSE
test-750	TRUE	FALSE
test-751	TRUE	FALSE
test-752	FALSE	TRUE
test-753	TRUE	FALSE
test-754	FALSE	TRUE
test-755	TRUE	FALSE
test-756	FALSE	TRUE
test-757	TRUE	FALSE
test-758	FALSE	TRUE
test-759	TRUE	FALSE
test-760	TRUE	FALSE
test-761	FALSE	TRUE
test-762	TRUE	FALSE
test-763	TRUE	FALSE
test-764	TRUE	FALSE
test-765	TRUE	FALSE
test-766	TRUE	FALSE
test-767	TRUE	FALSE
test-768	TRUE	FALSE
test-769	TRUE	FALSE
test-770	TRUE	FALSE
test-771	TRUE	FALSE
test-772	TRUE	FALSE
test-773	TRUE	FALSE
test-774	TRUE	FALSE
test-775	TRUE	FALSE
test-776	TRUE	FALSE
test-777	TRUE	FALSE
test-778	TRUE	FALSE
test-779	TRUE	FALSE
test-780	TRUE	FALSE
test-781	TRUE	FALSE
test-782	TRUE	FALSE
test-783	TRUE	FALSE
test-784	TRUE	FALSE
test-785	TRUE	FALSE
test-786	TRUE	FALSE
test-787	TRUE	FALSE
test-788	TRUE	FALSE
test-789	TRUE	FALSE
test-790	TRUE	FALSE
test-791	TRUE	FALSE
test-792	TRUE	FALSE
test-793	TRUE	FALSE
test-794	TRUE	FALSE
test-795	TRUE	FALSE
test-796	TRUE	FALSE
test-797	FALSE	TRUE
test-798	TRUE	FALSE
test-799	TRUE	FALSE
test-800	TRUE	FALSE
test-801	TRUE	FALSE
test-802	FALSE	TRUE
test-803	FALSE	TRUE
test-804	TRUE	FALSE
test-805	TRUE	FALSE
test-806	FALSE	TRUE
test-807	FALSE	TRUE
test-808	TRUE	FALSE
test-809	FALSE	TRUE
test-810	TRUE	FALSE
test-811	TRUE	FALSE
test-812	TRUE	FALSE
test-813	TRUE	FALSE
test-814	TRUE	FALSE
test-815	TRUE	FALSE
test-816	FALSE	TRUE
test-817	TRUE	FALSE
test-818	TRUE	FALSE
test-819	FALSE	TRUE
test-820	TRUE	FALSE
test-821	TRUE	FALSE
test-822	TRUE	FALSE
test-823	TRUE	FALSE
test-824	TRUE	FALSE
test-825	TRUE	FALSE
test-826	TRUE	FALSE
test-827	TRUE	FALSE
test-828	FALSE	TRUE
test-829	FALSE	TRUE
test-830	TRUE	FALSE
test-831	TRUE	FALSE
test-832	TRUE	FALSE
test-833	TRUE	FALSE
test-834	TRUE	FALSE
test-835	FALSE	TRUE
test-836	TRUE	FALSE
test-837	TRUE	FALSE
test-838	FALSE	TRUE
test-839	TRUE	FALSE
test-840	TRUE	FALSE
test-841	TRUE	FALSE
test-842	TRUE	FALSE
test-843	FALSE	TRUE
test-844	TRUE	FALSE
test-845	TRUE	FALSE
test-846	TRUE	FALSE
test-847	TRUE	FALSE
test-848	TRUE	FALSE
test-849	TRUE	FALSE
test-850	TRUE	FALSE
test-851	TRUE	FALSE
test-852	TRUE	FALSE
test-853	TRUE	FALSE
test-854	TRUE	FALSE
test-855	TRUE	FALSE
test-856	TRUE	FALSE
test-857	TRUE	FALSE
test-858	TRUE	FALSE
test-859	TRUE	FALSE
test-860	TRUE	FALSE
test-861	TRUE	FALSE
test-862	TRUE	FALSE
test-863	TRUE	FALSE
test-864	TRUE	FALSE
test-865	TRUE	FALSE
test-866	TRUE	FALSE
test-867	TRUE	FALSE
test-868	TRUE	FALSE
test-869	TRUE	FALSE
test-870	TRUE	FALSE
test-871	TRUE	FALSE
test-872	TRUE	FALSE
test-873	TRUE	FALSE
test-874	TRUE	FALSE
test-875	TRUE	FALSE
test-876	FALSE	TRUE
test-877	TRUE	FALSE
test-878	TRUE	FALSE
test-879	TRUE	FALSE
test-880	TRUE	FALSE
test-881	TRUE	FALSE
test-882	TRUE	FALSE
test-883	TRUE	FALSE
test-884	TRUE	FALSE
test-885	TRUE	FALSE
test-886	TRUE	FALSE
test-887	TRUE	FALSE
test-888	TRUE	FALSE
test-889	TRUE	FALSE
test-890	TRUE	FALSE
test-891	TRUE	FALSE
test-892	TRUE	FALSE
test-893	TRUE	FALSE
test-894	TRUE	FALSE
test-895	TRUE	FALSE
test-896	TRUE	FALSE
test-897	TRUE	FALSE
test-898	TRUE	FALSE
test-899	TRUE	FALSE
test-900	TRUE	FALSE
test-901	TRUE	FALSE
test-902	TRUE	FALSE
test-903	TRUE	FALSE
test-904	TRUE	FALSE
test-905	TRUE	FALSE
test-906	TRUE	FALSE
test-907	TRUE	FALSE
test-908	TRUE	FALSE
test-909	TRUE	FALSE
test-910	TRUE	FALSE
test-911	TRUE	FALSE
test-912	TRUE	FALSE
test-913	TRUE	FALSE
test-914	TRUE	FALSE
test-915	TRUE	FALSE
test-916	TRUE	FALSE
test-917	TRUE	FALSE
test-918	TRUE	FALSE
test-919	TRUE	FALSE
test-920	TRUE	FALSE
test-921	TRUE	FALSE
test-922	TRUE	FALSE
test-923	TRUE	FALSE
test-924	TRUE	FALSE
test-925	TRUE	FALSE
test-926	TRUE	FALSE
test-927	TRUE	FALSE
test-928	TRUE	FALSE
test-929	TRUE	FALSE
test-930	TRUE	FALSE
test-931	TRUE	FALSE
test-932	TRUE	FALSE
test-933	FALSE	TRUE
test-934	FALSE	TRUE
test-935	TRUE	FALSE
test-936	TRUE	FALSE
test-937	TRUE	FALSE
test-938	TRUE	FALSE
test-939	TRUE	FALSE
test-940	TRUE	FALSE
test-941	TRUE	FALSE
test-942	TRUE	FALSE
test-943	TRUE	FALSE
test-944	TRUE	FALSE
test-945	TRUE	FALSE
test-946	FALSE	TRUE
test-947	TRUE	FALSE
test-948	TRUE	FALSE
test-949	TRUE	FALSE
test-950	TRUE	FALSE
test-951	TRUE	FALSE
test-952	TRUE	FALSE
test-953	TRUE	FALSE
test-954	TRUE	FALSE
test-955	TRUE	FALSE
test-956	TRUE	FALSE
test-957	TRUE	FALSE
test-958	TRUE	FALSE
test-959	TRUE	FALSE
test-960	TRUE	FALSE
test-961	TRUE	FALSE
test-962	TRUE	FALSE
test-963	TRUE	FALSE
test-964	TRUE	FALSE
test-965	TRUE	FALSE
test-966	TRUE	FALSE
test-967	TRUE	FALSE
test-968	TRUE	FALSE
test-969	TRUE	FALSE
test-970	TRUE	FALSE
test-971	TRUE	FALSE
test-972	TRUE	FALSE
test-973	TRUE	FALSE
test-974	TRUE	FALSE
test-975	TRUE	FALSE
test-976	TRUE	FALSE
test-977	TRUE	FALSE
test-978	TRUE	FALSE
test-979	TRUE	FALSE
test-980	TRUE	FALSE
test-981	TRUE	FALSE
test-982	TRUE	FALSE
test-983	TRUE	FALSE
test-984	TRUE	FALSE
test-985	TRUE	FALSE
test-986	TRUE	FALSE
test-987	TRUE	FALSE
test-988	TRUE	FALSE
test-989	TRUE	FALSE
test-990	TRUE	FALSE
test-991	TRUE	FALSE
test-992	TRUE	FALSE
test-993	TRUE	FALSE
test-994	TRUE	FALSE
test-995	TRUE	FALSE
test-996	TRUE	FALSE
test-997	TRUE	FALSE
test-998	TRUE	FALSE
test-999	TRUE	FALSE
test-1000	TRUE	FALSE
test-1001	TRUE	FALSE
test-1002	TRUE	FALSE
test-1003	TRUE	FALSE
test-1004	FALSE	TRUE
test-1005	TRUE	FALSE
test-1006	TRUE	FALSE
test-1007	TRUE	FALSE
test-1008	TRUE	FALSE
test-1009	TRUE	FALSE
test-1010	TRUE	FALSE
test-1011	TRUE	FALSE
test-1012	TRUE	FALSE
test-1013	TRUE	FALSE
test-1014	TRUE	FALSE
test-1015	FALSE	TRUE
test-1016	FALSE	TRUE
test-1017	TRUE	FALSE
test-1018	TRUE	FALSE
test-1019	TRUE	FALSE
test-1020	TRUE	FALSE
test-1021	TRUE	FALSE
test-1022	TRUE	FALSE
test-1023	TRUE	FALSE
test-1024	FALSE	TRUE
test-1025	TRUE	FALSE
test-1026	TRUE	FALSE
test-1027	TRUE	FALSE
test-1028	TRUE	FALSE
test-1029	TRUE	FALSE
test-1030	TRUE	FALSE
test-1031	TRUE	FALSE
test-1032	TRUE	FALSE
test-1033	TRUE	FALSE
test-1034	TRUE	FALSE
test-1035	FALSE	TRUE
test-1036	TRUE	FALSE
test-1037	TRUE	FALSE
test-1038	TRUE	FALSE
test-1039	TRUE	FALSE
test-1040	TRUE	FALSE
test-1041	TRUE	FALSE
test-1042	FALSE	TRUE
test-1043	TRUE	FALSE
test-1044	TRUE	FALSE
test-1045	TRUE	FALSE
test-1046	TRUE	FALSE
test-1047	TRUE	FALSE
test-1048	TRUE	FALSE
test-1049	TRUE	FALSE
test-1050	TRUE	FALSE
test-1051	TRUE	FALSE
test-1052	TRUE	FALSE
test-1053	FALSE	TRUE
test-1054	TRUE	FALSE
test-1055	TRUE	FALSE
test-1056	TRUE	FALSE
test-1057	TRUE	FALSE
test-1058	TRUE	FALSE
test-1059	TRUE	FALSE
test-1060	FALSE	TRUE
test-1061	TRUE	FALSE
test-1062	TRUE	FALSE
test-1063	TRUE	FALSE
test-1064	TRUE	FALSE
test-1065	FALSE	TRUE
test-1066	TRUE	FALSE
test-1067	TRUE	FALSE
test-1068	TRUE	FALSE
test-1069	TRUE	FALSE
test-1070	TRUE	FALSE
test-1071	TRUE	FALSE
test-1072	TRUE	FALSE
test-1073	TRUE	FALSE
test-1074	FALSE	TRUE
test-1075	TRUE	FALSE
test-1076	TRUE	FALSE
test-1077	TRUE	FALSE
test-1078	TRUE	FALSE
test-1079	TRUE	FALSE
test-1080	FALSE	TRUE
test-1081	TRUE	FALSE
test-1082	FALSE	TRUE
test-1083	TRUE	FALSE
test-1084	TRUE	FALSE
test-1085	TRUE	FALSE
test-1086	TRUE	FALSE
test-1087	TRUE	FALSE
test-1088	TRUE	FALSE
test-1089	TRUE	FALSE
test-1090	TRUE	FALSE
test-1091	TRUE	FALSE
test-1092	TRUE	FALSE
test-1093	TRUE	FALSE
test-1094	FALSE	TRUE
test-1095	TRUE	FALSE
test-1096	TRUE	FALSE
test-1097	TRUE	FALSE
test-1098	TRUE	FALSE
test-1099	TRUE	FALSE
test-1100	TRUE	FALSE
test-1101	TRUE	FALSE
test-1102	TRUE	FALSE
test-1103	TRUE	FALSE
test-1104	TRUE	FALSE
test-1105	TRUE	FALSE
test-1106	TRUE	FALSE
test-1107	TRUE	FALSE
test-1108	TRUE	FALSE
test-1109	FALSE	TRUE
test-1110	TRUE	FALSE
test-1111	TRUE	FALSE
test-1112	TRUE	FALSE
test-1113	TRUE	FALSE
test-1114	FALSE	TRUE
test-1115	TRUE	FALSE
test-1116	TRUE	FALSE
test-1117	TRUE	FALSE
test-1118	TRUE	FALSE
test-1119	TRUE	FALSE
test-1120	TRUE	FALSE
test-1121	TRUE	FALSE
test-1122	TRUE	FALSE
test-1123	TRUE	FALSE
test-1124	TRUE	FALSE
test-1125	TRUE	FALSE
test-1126	TRUE	FALSE
test-1127	TRUE	FALSE
test-1128	TRUE	FALSE
test-1129	TRUE	FALSE
test-1130	TRUE	FALSE
test-1131	TRUE	FALSE
test-1132	TRUE	FALSE
test-1133	TRUE	FALSE
test-1134	TRUE	FALSE
test-1135	TRUE	FALSE
test-1136	TRUE	FALSE
test-1137	TRUE	FALSE
test-1138	FALSE	TRUE
test-1139	FALSE	TRUE
test-1140	TRUE	FALSE
test-1141	TRUE	FALSE
test-1142	TRUE	FALSE
test-1143	TRUE	FALSE
test-1144	TRUE	FALSE
test-1145	TRUE	FALSE
test-1146	TRUE	FALSE
test-1147	TRUE	FALSE
test-1148	TRUE	FALSE
test-1149	FALSE	TRUE
test-1150	TRUE	FALSE
test-1151	TRUE	FALSE
test-1152	TRUE	FALSE
test-1153	TRUE	FALSE
test-1154	TRUE	FALSE
test-1155	TRUE	FALSE
test-1156	TRUE	FALSE
test-1157	FALSE	TRUE
test-1158	TRUE	FALSE
test-1159	TRUE	FALSE
test-1160	TRUE	FALSE
test-1161	TRUE	FALSE
test-1162	TRUE	FALSE
test-1163	TRUE	FALSE
test-1164	TRUE	FALSE
test-1165	TRUE	FALSE
test-1166	TRUE	FALSE
test-1167	TRUE	FALSE
test-1168	TRUE	FALSE
test-1169	TRUE	FALSE
test-1170	TRUE	FALSE
test-1171	TRUE	FALSE
test-1172	TRUE	FALSE
test-1173	FALSE	TRUE
test-1174	TRUE	FALSE
test-1175	TRUE	FALSE
test-1176	FALSE	TRUE
test-1177	TRUE	FALSE
test-1178	TRUE	FALSE
test-1179	TRUE	FALSE
test-1180	TRUE	FALSE
test-1181	TRUE	FALSE
test-1182	TRUE	FALSE
test-1183	TRUE	FALSE
test-1184	TRUE	FALSE
test-1185	TRUE	FALSE
test-1186	TRUE	FALSE
test-1187	TRUE	FALSE
test-1188	TRUE	FALSE
test-1189	TRUE	FALSE
test-1190	TRUE	FALSE
test-1191	TRUE	FALSE
test-1192	FALSE	TRUE
test-1193	TRUE	FALSE
test-1194	TRUE	FALSE
test-1195	TRUE	FALSE
test-1196	TRUE	FALSE
test-1197	FALSE	TRUE
test-1198	TRUE	FALSE
test-1199	TRUE	FALSE
test-1200	TRUE	FALSE
test-1201	TRUE	FALSE
test-1202	TRUE	FALSE
test-1203	FALSE	TRUE
test-1204	TRUE	FALSE
test-1205	TRUE	FALSE
test-1206	TRUE	FALSE
test-1207	TRUE	FALSE
test-1208	TRUE	FALSE
test-1209	TRUE	FALSE
test-1210	TRUE	FALSE
test-1211	FALSE	TRUE
test-1212	TRUE	FALSE
test-1213	TRUE	FALSE
test-1214	TRUE	FALSE
test-1215	TRUE	FALSE
test-1216	FALSE	TRUE
test-1217	TRUE	FALSE
test-1218	TRUE	FALSE
test-1219	TRUE	FALSE
test-1220	TRUE	FALSE
test-1221	TRUE	FALSE
test-1222	FALSE	TRUE
test-1223	TRUE	FALSE
test-1224	TRUE	FALSE
test-1225	TRUE	FALSE
test-1226	TRUE	FALSE
test-1227	TRUE	FALSE
test-1228	FALSE	TRUE
test-1229	TRUE	FALSE
test-1230	TRUE	FALSE
test-1231	TRUE	FALSE
test-1232	TRUE	FALSE
test-1233	TRUE	FALSE
test-1234	TRUE	FALSE
test-1235	TRUE	FALSE
test-1236	TRUE	FALSE
test-1237	TRUE	FALSE
test-1238	FALSE	TRUE
test-1239	TRUE	FALSE
test-1240	TRUE	FALSE
test-1241	TRUE	FALSE
test-1242	TRUE	FALSE
test-1243	TRUE	FALSE
test-1244	TRUE	FALSE
test-1245	TRUE	FALSE
test-1246	TRUE	FALSE
test-1247	TRUE	FALSE
test-1248	TRUE	FALSE
test-1249	TRUE	FALSE
test-1250	FALSE	TRUE
test-1251	TRUE	FALSE
test-1252	TRUE	FALSE
test-1253	TRUE	FALSE
test-1254	TRUE	FALSE
test-1255	TRUE	FALSE
test-1256	TRUE	FALSE
test-1257	TRUE	FALSE
test-1258	TRUE	FALSE
test-1259	TRUE	FALSE
test-1260	TRUE	FALSE
test-1261	TRUE	FALSE
test-1262	TRUE	FALSE
test-1263	TRUE	FALSE
test-1264	TRUE	FALSE
test-1265	TRUE	FALSE
test-1266	TRUE	FALSE
test-1267	TRUE	FALSE
test-1268	TRUE	FALSE
test-1269	TRUE	FALSE
test-1270	TRUE	FALSE
test-1271	TRUE	FALSE
test-1272	TRUE	FALSE
test-1273	TRUE	FALSE
test-1274	FALSE	TRUE
test-1275	TRUE	FALSE
test-1276	TRUE	FALSE
test-1277	TRUE	FALSE
test-1278	TRUE	FALSE
test-1279	TRUE	FALSE
test-1280	TRUE	FALSE
test-1281	TRUE	FALSE
test-1282	TRUE	FALSE
test-1283	TRUE	FALSE
test-1284	TRUE	FALSE
test-1285	TRUE	FALSE
test-1286	TRUE	FALSE
test-1287	TRUE	FALSE
test-1288	TRUE	FALSE
test-1289	FALSE	TRUE
test-1290	TRUE	FALSE
test-1291	TRUE	FALSE
test-1292	TRUE	FALSE
test-1293	TRUE	FALSE
test-1294	FALSE	TRUE
test-1295	TRUE	FALSE
test-1296	TRUE	FALSE
test-1297	TRUE	FALSE
test-1298	TRUE	FALSE
test-1299	TRUE	FALSE
test-1300	TRUE	FALSE
test-1301	TRUE	FALSE
test-1302	TRUE	FALSE
test-1303	TRUE	FALSE
test-1304	TRUE	FALSE
test-1305	TRUE	FALSE
test-1306	TRUE	FALSE
test-1307	TRUE	FALSE
test-1308	TRUE	FALSE
test-1309	TRUE	FALSE
test-1310	TRUE	FALSE
test-1311	TRUE	FALSE
test-1312	TRUE	FALSE
test-1313	TRUE	FALSE
test-1314	FALSE	TRUE
test-1315	TRUE	FALSE
test-1316	TRUE	FALSE
test-1317	FALSE	TRUE
test-1318	TRUE	FALSE
test-1319	TRUE	FALSE
test-1320	TRUE	FALSE
test-1321	TRUE	FALSE
test-1322	TRUE	FALSE
test-1323	TRUE	FALSE
test-1324	TRUE	FALSE
test-1325	TRUE	FALSE
test-1326	FALSE	TRUE
test-1327	FALSE	TRUE
test-1328	TRUE	FALSE
test-1329	TRUE	FALSE
test-1330	TRUE	FALSE
test-1331	TRUE	FALSE
test-1332	TRUE	FALSE
test-1333	TRUE	FALSE
test-1334	FALSE	TRUE
test-1335	TRUE	FALSE
test-1336	TRUE	FALSE
test-1337	TRUE	FALSE
test-1338	TRUE	FALSE
test-1339	TRUE	FALSE
test-1340	TRUE	FALSE
test-1341	TRUE	FALSE
test-1342	FALSE	TRUE
test-1343	TRUE	FALSE
test-1344	TRUE	FALSE
test-1345	TRUE	FALSE
test-1346	TRUE	FALSE
test-1347	TRUE	FALSE
test-1348	FALSE	TRUE
test-1349	TRUE	FALSE
test-1350	TRUE	FALSE
test-1351	TRUE	FALSE
test-1352	FALSE	TRUE
test-1353	TRUE	FALSE
test-1354	TRUE	FALSE
test-1355	TRUE	FALSE
test-1356	TRUE	FALSE
test-1357	TRUE	FALSE
test-1358	TRUE	FALSE
test-1359	TRUE	FALSE
test-1360	FALSE	TRUE
test-1361	TRUE	FALSE
test-1362	FALSE	TRUE
test-1363	TRUE	FALSE
test-1364	TRUE	FALSE
test-1365	TRUE	FALSE
test-1366	TRUE	FALSE
test-1367	TRUE	FALSE
test-1368	TRUE	FALSE
test-1369	TRUE	FALSE
test-1370	TRUE	FALSE
test-1371	TRUE	FALSE
test-1372	TRUE	FALSE
test-1373	TRUE	FALSE
test-1374	TRUE	FALSE
test-1375	TRUE	FALSE
test-1376	TRUE	FALSE
test-1377	TRUE	FALSE
test-1378	FALSE	TRUE
test-1379	TRUE	FALSE
test-1380	TRUE	FALSE
test-1381	FALSE	TRUE
test-1382	TRUE	FALSE
test-1383	TRUE	FALSE
test-1384	TRUE	FALSE
test-1385	TRUE	FALSE
test-1386	TRUE	FALSE
test-1387	TRUE	FALSE
test-1388	TRUE	FALSE
test-1389	TRUE	FALSE
test-1390	TRUE	FALSE
test-1391	TRUE	FALSE
test-1392	FALSE	TRUE
test-1393	TRUE	FALSE
test-1394	TRUE	FALSE
test-1395	TRUE	FALSE
test-1396	TRUE	FALSE
test-1397	TRUE	FALSE
test-1398	TRUE	FALSE
test-1399	TRUE	FALSE
test-1400	TRUE	FALSE
test-1401	TRUE	FALSE
test-1402	TRUE	FALSE
test-1403	TRUE	FALSE
test-1404	TRUE	FALSE
test-1405	TRUE	FALSE
test-1406	FALSE	TRUE
test-1407	TRUE	FALSE
test-1408	TRUE	FALSE
test-1409	TRUE	FALSE
test-1410	TRUE	FALSE
test-1411	TRUE	FALSE
test-1412	TRUE	FALSE
test-1413	TRUE	FALSE
test-1414	TRUE	FALSE
test-1415	TRUE	FALSE
test-1416	TRUE	FALSE
test-1417	TRUE	FALSE
test-1418	TRUE	FALSE
test-1419	TRUE	FALSE
test-1420	FALSE	TRUE
test-1421	TRUE	FALSE
test-1422	TRUE	FALSE
test-1423	FALSE	TRUE
test-1424	FALSE	TRUE
test-1425	TRUE	FALSE
test-1426	TRUE	FALSE
test-1427	TRUE	FALSE
test-1428	TRUE	FALSE
test-1429	TRUE	FALSE
test-1430	FALSE	TRUE
test-1431	TRUE	FALSE
test-1432	FALSE	TRUE
test-1433	TRUE	FALSE
test-1434	TRUE	FALSE
test-1435	TRUE	FALSE
test-1436	TRUE	FALSE
test-1437	TRUE	FALSE
test-1438	TRUE	FALSE
test-1439	TRUE	FALSE
test-1440	TRUE	FALSE
test-1441	TRUE	FALSE
test-1442	TRUE	FALSE
test-1443	TRUE	FALSE
test-1444	TRUE	FALSE
test-1445	TRUE	FALSE
test-1446	TRUE	FALSE
test-1447	TRUE	FALSE
test-1448	TRUE	FALSE
test-1449	FALSE	TRUE
test-1450	TRUE	FALSE
test-1451	FALSE	TRUE
test-1452	TRUE	FALSE
test-1453	TRUE	FALSE
test-1454	TRUE	FALSE
test-1455	TRUE	FALSE
test-1456	TRUE	FALSE
test-1457	TRUE	FALSE
test-1458	TRUE	FALSE
test-1459	TRUE	FALSE
test-1460	TRUE	FALSE
test-1461	TRUE	FALSE
test-1462	TRUE	FALSE
test-1463	TRUE	FALSE
test-1464	TRUE	FALSE
test-1465	TRUE	FALSE
test-1466	TRUE	FALSE
test-1467	TRUE	FALSE
test-1468	TRUE	FALSE
test-1469	TRUE	FALSE
test-1470	TRUE	FALSE
test-1471	TRUE	FALSE
test-1472	TRUE	FALSE
test-1473	TRUE	FALSE
test-1474	TRUE	FALSE
test-1475	TRUE	FALSE
test-1476	TRUE	FALSE
test-1477	TRUE	FALSE
test-1478	TRUE	FALSE
test-1479	TRUE	FALSE
test-1480	TRUE	FALSE
test-1481	TRUE	FALSE
test-1482	TRUE	FALSE
test-1483	TRUE	FALSE
test-1484	TRUE	FALSE
test-1485	TRUE	FALSE
test-1486	TRUE	FALSE
test-1487	TRUE	FALSE
test-1488	FALSE	TRUE
test-1489	TRUE	FALSE
test-1490	FALSE	TRUE
test-1491	FALSE	TRUE
test-1492	TRUE	FALSE
test-1493	FALSE	TRUE
test-1494	TRUE	FALSE
test-1495	TRUE	FALSE
test-1496	TRUE	FALSE
test-1497	TRUE	FALSE
test-1498	TRUE	FALSE
test-1499	TRUE	FALSE
test-1500	TRUE	FALSE
test-1501	TRUE	FALSE
test-1502	TRUE	FALSE
test-1503	TRUE	FALSE
test-1504	TRUE	FALSE
test-1505	TRUE	FALSE
test-1506	TRUE	FALSE
test-1507	TRUE	FALSE
test-1508	FALSE	TRUE
test-1509	TRUE	FALSE
test-1510	TRUE	FALSE
test-1511	TRUE	FALSE
test-1512	TRUE	FALSE
test-1513	TRUE	FALSE
test-1514	TRUE	FALSE
test-1515	TRUE	FALSE
test-1516	TRUE	FALSE
test-1517	TRUE	FALSE
test-1518	TRUE	FALSE
test-1519	TRUE	FALSE
test-1520	TRUE	FALSE
test-1521	TRUE	FALSE
test-1522	TRUE	FALSE
test-1523	TRUE	FALSE
test-1524	TRUE	FALSE
test-1525	TRUE	FALSE
test-1526	TRUE	FALSE
test-1527	TRUE	FALSE
test-1528	TRUE	FALSE
test-1529	FALSE	TRUE
test-1530	TRUE	FALSE
test-1531	TRUE	FALSE
test-1532	TRUE	FALSE
test-1533	TRUE	FALSE
test-1534	TRUE	FALSE
test-1535	TRUE	FALSE
test-1536	TRUE	FALSE
test-1537	TRUE	FALSE
test-1538	TRUE	FALSE
test-1539	TRUE	FALSE
test-1540	TRUE	FALSE
test-1541	TRUE	FALSE
test-1542	TRUE	FALSE
test-1543	TRUE	FALSE
test-1544	TRUE	FALSE
test-1545	TRUE	FALSE
test-1546	TRUE	FALSE
test-1547	TRUE	FALSE
test-1548	TRUE	FALSE
test-1549	TRUE	FALSE
test-1550	TRUE	FALSE
test-1551	TRUE	FALSE
test-1552	TRUE	FALSE
test-1553	TRUE	FALSE
test-1554	TRUE	FALSE
test-1555	FALSE	TRUE
test-1556	FALSE	TRUE
test-1557	TRUE	FALSE
test-1558	TRUE	FALSE
test-1559	TRUE	FALSE
test-1560	TRUE	FALSE
test-1561	TRUE	FALSE
test-1562	TRUE	FALSE
test-1563	TRUE	FALSE
test-1564	TRUE	FALSE
test-1565	FALSE	TRUE
test-1566	TRUE	FALSE
test-1567	TRUE	FALSE
test-1568	TRUE	FALSE
test-1569	TRUE	FALSE
test-1570	TRUE	FALSE
test-1571	TRUE	FALSE
test-1572	TRUE	FALSE
test-1573	TRUE	FALSE
test-1574	TRUE	FALSE
test-1575	TRUE	FALSE
test-1576	TRUE	FALSE
test-1577	TRUE	FALSE
test-1578	TRUE	FALSE
test-1579	TRUE	FALSE
test-1580	TRUE	FALSE
test-1581	TRUE	FALSE
test-1582	FALSE	TRUE
test-1583	TRUE	FALSE
test-1584	TRUE	FALSE
test-1585	TRUE	FALSE
test-1586	TRUE	FALSE
test-1587	TRUE	FALSE
test-1588	TRUE	FALSE
test-1589	TRUE	FALSE
test-1590	TRUE	FALSE
test-1591	FALSE	TRUE
test-1592	TRUE	FALSE
test-1593	TRUE	FALSE
test-1594	TRUE	FALSE
test-1595	TRUE	FALSE
test-1596	TRUE	FALSE
test-1597	TRUE	FALSE
test-1598	FALSE	TRUE
test-1599	TRUE	FALSE
test-1600	TRUE	FALSE
test-1601	FALSE	TRUE
test-1602	TRUE	FALSE
test-1603	TRUE	FALSE
test-1604	TRUE	FALSE
test-1605	TRUE	FALSE
test-1606	TRUE	FALSE
test-1607	TRUE	FALSE
test-1608	TRUE	FALSE
test-1609	TRUE	FALSE
test-1610	TRUE	FALSE
test-1611	TRUE	FALSE
test-1612	TRUE	FALSE
test-1613	TRUE	FALSE
test-1614	TRUE	FALSE
test-1615	TRUE	FALSE
test-1616	TRUE	FALSE
test-1617	TRUE	FALSE
test-1618	FALSE	TRUE
test-1619	TRUE	FALSE
test-1620	FALSE	TRUE
test-1621	FALSE	TRUE
test-1622	TRUE	FALSE
test-1623	FALSE	TRUE
test-1624	TRUE	FALSE
test-1625	TRUE	FALSE
test-1626	TRUE	FALSE
test-1627	TRUE	FALSE
test-1628	FALSE	TRUE
test-1629	TRUE	FALSE
test-1630	TRUE	FALSE
test-1631	FALSE	TRUE
test-1632	TRUE	FALSE
test-1633	TRUE	FALSE
test-1634	TRUE	FALSE
test-1635	TRUE	FALSE
test-1636	TRUE	FALSE
test-1637	TRUE	FALSE
test-1638	TRUE	FALSE
test-1639	TRUE	FALSE
test-1640	TRUE	FALSE
test-1641	TRUE	FALSE
test-1642	TRUE	FALSE
test-1643	TRUE	FALSE
test-1644	TRUE	FALSE
test-1645	TRUE	FALSE
test-1646	TRUE	FALSE
test-1647	TRUE	FALSE
test-1648	TRUE	FALSE
test-1649	TRUE	FALSE
test-1650	TRUE	FALSE
test-1651	TRUE	FALSE
test-1652	TRUE	FALSE
test-1653	TRUE	FALSE
test-1654	TRUE	FALSE
test-1655	TRUE	FALSE
test-1656	TRUE	FALSE
test-1657	TRUE	FALSE
test-1658	TRUE	FALSE
test-1659	TRUE	FALSE
test-1660	TRUE	FALSE
test-1661	TRUE	FALSE
test-1662	TRUE	FALSE
test-1663	TRUE	FALSE
test-1664	FALSE	TRUE
test-1665	TRUE	FALSE
test-1666	TRUE	FALSE
test-1667	TRUE	FALSE
test-1668	TRUE	FALSE
test-1669	TRUE	FALSE
test-1670	TRUE	FALSE
test-1671	TRUE	FALSE
test-1672	TRUE	FALSE
test-1673	TRUE	FALSE
test-1674	TRUE	FALSE
test-1675	FALSE	TRUE
test-1676	TRUE	FALSE
test-1677	TRUE	FALSE
test-1678	TRUE	FALSE
test-1679	TRUE	FALSE
test-1680	FALSE	TRUE
test-1681	TRUE	FALSE
test-1682	TRUE	FALSE
test-1683	TRUE	FALSE
test-1684	TRUE	FALSE
test-1685	TRUE	FALSE
test-1686	TRUE	FALSE
test-1687	TRUE	FALSE
test-1688	TRUE	FALSE
test-1689	TRUE	FALSE
test-1690	TRUE	FALSE
test-1691	TRUE	FALSE
test-1692	TRUE	FALSE
test-1693	TRUE	FALSE
test-1694	TRUE	FALSE
test-1695	TRUE	FALSE
test-1696	TRUE	FALSE
test-1697	TRUE	FALSE
test-1698	TRUE	FALSE
test-1699	TRUE	FALSE
test-1700	TRUE	FALSE
test-1701	TRUE	FALSE
test-1702	FALSE	TRUE
test-1703	TRUE	FALSE
test-1704	TRUE	FALSE
test-1705	TRUE	FALSE
test-1706	TRUE	FALSE
test-1707	TRUE	FALSE
test-1708	TRUE	FALSE
test-1709	TRUE	FALSE
test-1710	TRUE	FALSE
test-1711	TRUE	FALSE
test-1712	TRUE	FALSE
test-1713	TRUE	FALSE
test-1714	TRUE	FALSE
test-1715	TRUE	FALSE
test-1716	TRUE	FALSE
test-1717	TRUE	FALSE
test-1718	TRUE	FALSE
test-1719	TRUE	FALSE
test-1720	TRUE	FALSE
test-1721	TRUE	FALSE
test-1722	FALSE	TRUE
test-1723	TRUE	FALSE
test-1724	TRUE	FALSE
test-1725	TRUE	FALSE
test-1726	FALSE	TRUE
test-1727	FALSE	TRUE
test-1728	TRUE	FALSE
test-1729	TRUE	FALSE
test-1730	TRUE	FALSE
test-1731	TRUE	FALSE
test-1732	TRUE	FALSE
test-1733	TRUE	FALSE
test-1734	TRUE	FALSE
test-1735	TRUE	FALSE
test-1736	FALSE	TRUE
test-1737	TRUE	FALSE
test-1738	TRUE	FALSE
test-1739	TRUE	FALSE
test-1740	TRUE	FALSE
test-1741	TRUE	FALSE
test-1742	TRUE	FALSE
test-1743	TRUE	FALSE
test-1744	FALSE	TRUE
test-1745	TRUE	FALSE
test-1746	TRUE	FALSE
test-1747	TRUE	FALSE
test-1748	TRUE	FALSE
test-1749	TRUE	FALSE
test-1750	TRUE	FALSE
test-1751	TRUE	FALSE
test-1752	TRUE	FALSE
test-1753	TRUE	FALSE
test-1754	FALSE	TRUE
test-1755	TRUE	FALSE
test-1756	TRUE	FALSE
test-1757	TRUE	FALSE
test-1758	TRUE	FALSE
test-1759	TRUE	FALSE
test-1760	TRUE	FALSE
test-1761	TRUE	FALSE
test-1762	FALSE	TRUE
test-1763	TRUE	FALSE
test-1764	TRUE	FALSE
test-1765	TRUE	FALSE
test-1766	TRUE	FALSE
test-1767	TRUE	FALSE
test-1768	TRUE	FALSE
test-1769	TRUE	FALSE
test-1770	FALSE	TRUE
test-1771	TRUE	FALSE
test-1772	TRUE	FALSE
test-1773	TRUE	FALSE
test-1774	TRUE	FALSE
test-1775	TRUE	FALSE
test-1776	TRUE	FALSE
test-1777	TRUE	FALSE
test-1778	TRUE	FALSE
test-1779	TRUE	FALSE
test-1780	FALSE	TRUE
test-1781	FALSE	TRUE
test-1782	TRUE	FALSE
test-1783	TRUE	FALSE
test-1784	TRUE	FALSE
test-1785	TRUE	FALSE
test-1786	TRUE	FALSE
test-1787	FALSE	TRUE
test-1788	TRUE	FALSE
test-1789	TRUE	FALSE
test-1790	TRUE	FALSE
test-1791	TRUE	FALSE
test-1792	TRUE	FALSE
test-1793	TRUE	FALSE
test-1794	TRUE	FALSE
test-1795	TRUE	FALSE
test-1796	TRUE	FALSE
test-1797	TRUE	FALSE
test-1798	TRUE	FALSE
test-1799	TRUE	FALSE
test-1800	TRUE	FALSE
test-1801	TRUE	FALSE
test-1802	TRUE	FALSE
test-1803	TRUE	FALSE
test-1804	TRUE	FALSE
test-1805	TRUE	FALSE
test-1806	TRUE	FALSE
test-1807	TRUE	FALSE
test-1808	TRUE	FALSE
test-1809	TRUE	FALSE
test-1810	TRUE	FALSE
test-1811	TRUE	FALSE
test-1812	TRUE	FALSE
test-1813	TRUE	FALSE
test-1814	TRUE	FALSE
test-1815	TRUE	FALSE
test-1816	FALSE	TRUE
test-1817	TRUE	FALSE
test-1818	TRUE	FALSE
test-1819	TRUE	FALSE
test-1820	TRUE	FALSE
test-1821	TRUE	FALSE
test-1822	TRUE	FALSE
test-1823	TRUE	FALSE
test-1824	TRUE	FALSE
test-1825	TRUE	FALSE
test-1826	TRUE	FALSE
test-1827	TRUE	FALSE
test-1828	FALSE	TRUE
test-1829	TRUE	FALSE
test-1830	TRUE	FALSE
test-1831	TRUE	FALSE
test-1832	TRUE	FALSE
test-1833	TRUE	FALSE
test-1834	TRUE	FALSE
test-1835	TRUE	FALSE
test-1836	TRUE	FALSE
test-1837	TRUE	FALSE
test-1838	TRUE	FALSE
test-1839	TRUE	FALSE
test-1840	TRUE	FALSE
test-1841	TRUE	FALSE
test-1842	TRUE	FALSE
test-1843	TRUE	FALSE
test-1844	TRUE	FALSE
test-1845	TRUE	FALSE
test-1846	TRUE	FALSE
test-1847	TRUE	FALSE
test-1848	TRUE	FALSE
test-1849	TRUE	FALSE
test-1850	TRUE	FALSE
test-1851	TRUE	FALSE
test-1852	TRUE	FALSE
test-1853	TRUE	FALSE
test-1854	TRUE	FALSE
test-1855	TRUE	FALSE
test-1856	TRUE	FALSE
test-1857	TRUE	FALSE
test-1858	TRUE	FALSE
test-1859	TRUE	FALSE
test-1860	TRUE	FALSE
test-1861	TRUE	FALSE
test-1862	TRUE	FALSE
test-1863	TRUE	FALSE
test-1864	TRUE	FALSE
test-1865	TRUE	FALSE
test-1866	TRUE	FALSE
test-1867	TRUE	FALSE
test-1868	TRUE	FALSE
test-1869	FALSE	TRUE
test-1870	TRUE	FALSE
test-1871	TRUE	FALSE
test-1872	TRUE	FALSE
test-1873	TRUE	FALSE
test-1874	TRUE	FALSE
test-1875	TRUE	FALSE
test-1876	TRUE	FALSE
test-1877	TRUE	FALSE
test-1878	TRUE	FALSE
test-1879	TRUE	FALSE
test-1880	FALSE	TRUE
test-1881	TRUE	FALSE
test-1882	TRUE	FALSE
test-1883	TRUE	FALSE
test-1884	TRUE	FALSE
test-1885	TRUE	FALSE
test-1886	TRUE	FALSE
test-1887	TRUE	FALSE
test-1888	TRUE	FALSE
test-1889	TRUE	FALSE
test-1890	TRUE	FALSE
test-1891	TRUE	FALSE
test-1892	FALSE	TRUE
test-1893	TRUE	FALSE
test-1894	TRUE	FALSE
test-1895	TRUE	FALSE
test-1896	TRUE	FALSE
test-1897	TRUE	FALSE
test-1898	TRUE	FALSE
test-1899	TRUE	FALSE
test-1900	TRUE	FALSE
test-1901	TRUE	FALSE
test-1902	TRUE	FALSE
test-1903	TRUE	FALSE
test-1904	TRUE	FALSE
test-1905	TRUE	FALSE
test-1906	TRUE	FALSE
test-1907	TRUE	FALSE
test-1908	TRUE	FALSE
test-1909	TRUE	FALSE
test-1910	TRUE	FALSE
test-1911	TRUE	FALSE
test-1912	TRUE	FALSE
test-1913	FALSE	TRUE
test-1914	TRUE	FALSE
test-1915	TRUE	FALSE
test-1916	TRUE	FALSE
test-1917	TRUE	FALSE
test-1918	TRUE	FALSE
test-1919	TRUE	FALSE
test-1920	TRUE	FALSE
test-1921	TRUE	FALSE
test-1922	TRUE	FALSE
test-1923	FALSE	TRUE
test-1924	TRUE	FALSE
test-1925	TRUE	FALSE
test-1926	TRUE	FALSE
test-1927	TRUE	FALSE
test-1928	TRUE	FALSE
test-1929	TRUE	FALSE
test-1930	TRUE	FALSE
test-1931	TRUE	FALSE
test-1932	TRUE	FALSE
test-1933	TRUE	FALSE
test-1934	TRUE	FALSE
test-1935	TRUE	FALSE
test-1936	TRUE	FALSE
test-1937	TRUE	FALSE
test-1938	TRUE	FALSE
test-1939	TRUE	FALSE
test-1940	TRUE	FALSE
test-1941	TRUE	FALSE
test-1942	FALSE	TRUE
test-1943	TRUE	FALSE
test-1944	TRUE	FALSE
test-1945	TRUE	FALSE
test-1946	TRUE	FALSE
test-1947	TRUE	FALSE
test-1948	TRUE	FALSE
test-1949	TRUE	FALSE
test-1950	TRUE	FALSE
test-1951	TRUE	FALSE
test-1952	TRUE	FALSE
test-1953	TRUE	FALSE
test-1954	TRUE	FALSE
test-1955	TRUE	FALSE
test-1956	TRUE	FALSE
test-1957	TRUE	FALSE
test-1958	TRUE	FALSE
test-1959	TRUE	FALSE
test-1960	TRUE	FALSE
test-1961	TRUE	FALSE
test-1962	TRUE	FALSE
test-1963	TRUE	FALSE
test-1964	TRUE	FALSE
test-1965	FALSE	TRUE
test-1966	TRUE	FALSE
test-1967	TRUE	FALSE
test-1968	FALSE	TRUE
test-1969	TRUE	FALSE
test-1970	TRUE	FALSE
test-1971	TRUE	FALSE
test-1972	TRUE	FALSE
test-1973	TRUE	FALSE
test-1974	TRUE	FALSE
test-1975	TRUE	FALSE
test-1976	TRUE	FALSE
test-1977	TRUE	FALSE
test-1978	TRUE	FALSE
test-1979	TRUE	FALSE
test-1980	TRUE	FALSE
test-1981	TRUE	FALSE
test-1982	TRUE	FALSE
test-1983	TRUE	FALSE
test-1984	TRUE	FALSE
test-1985	TRUE	FALSE
test-1986	TRUE	FALSE
test-1987	TRUE	FALSE
test-1988	TRUE	FALSE
test-1989	TRUE	FALSE
test-1990	FALSE	TRUE
test-1991	FALSE	TRUE
test-1992	TRUE	FALSE
test-1993	TRUE	FALSE
test-1994	TRUE	FALSE
test-1995	TRUE	FALSE
test-1996	TRUE	FALSE
test-1997	FALSE	TRUE
test-1998	TRUE	FALSE
test-1999	TRUE	FALSE
test-2000	TRUE	FALSE
